<?xml version="1.0" encoding="UTF-8"?>
<configuration status="WARN">
    <appenders>
        <Console name="Console" target="SYSTEM_OUT">
            <PatternLayout pattern="%d{HH:mm:ss.SSS} [%t] %-5level %logger{36} - %msg%n"/>
        </Console>
        <Filters>
            <MarkerFilter marker="MARKER1" onMatch="ACCEPT" onMismatch="NEUTRAL"/>
            <MarkerFilter marker="MARKER2" onMatch="ACCEPT" onMismatch="NEUTRAL"/>
            <MarkerFilter marker="MARKER3" onMatch="ACCEPT" onMismatch="NEUTRAL"/>
            <ThresholdFilter level="ERROR" onMatch="ACCEPT" onMismatch="DENY"/>
        </Filters>

        <File name="MyFile1" fileName="logs/findStation.log">
            <PatternLayout pattern="%d{yyyy-MM-dd HH:mm:ss.SSS} [%t] %-7level %logger{36} - %msg%n"/>
        </File>

        <File name="MyFile2" fileName="logs/exceptions.log">
            <PatternLayout pattern="%d{yyyy-MM-dd HH:mm:ss.SSS} [%t] %-5level %logger{36} - %msg%n"/>
        </File>

        <File name="MyFile3" fileName="logs/app.log">
            <PatternLayout pattern="%d{yyyy-MM-dd HH:mm:ss.SSS} [%t] %-3level %logger{36} - %msg%n"/>
        </File>
    </appenders>

    <loggers>
        <root level="debug">
            <appender-ref ref="MyFile1" level="info"/>
            <appender-ref ref="MyFile2" level="info"/>
            <appender-ref ref="MyFile3" level="error"/>
        </root>
    </loggers>
</configuration>

<!--<Configuration status="error" strict="true" name="XMLConfigTest"-->
<!--               packages="org.apache.logging.log4j.test">-->
<!--<Filters>-->
<!--    <Filter type="MarkerFilter" marker="DB_DELETE" onMatch="DENY" onMismatch="NEUTRAL" />-->
<!--    <Filter type="MarkerFilter" marker="DB_OP" onMatch="ACCEPT" onMismatch="NEUTRAL" />-->
<!--</Filters>-->
<!--<Appenders>-->
<!--    <Appender type="Console" name="DB">-->
<!--        <Layout type="PatternLayout"-->
<!--                pattern="DB: %d{HH:mm:ss.SSS} [%t] %-5level %C{1}.%M %m %marker %ex%n" />-->
<!--    </Appender>-->
<!--    <Appender type="Console" name="STDOUT">-->
<!--        <Layout type="PatternLayout" pattern="STDOUT: %d{HH:mm:ss.SSS} [%t] %-5level %C{1}.%M %m %marker %ex%n" />-->
<!--    </Appender>-->
<!--</Appenders>-->

<!--<Loggers>-->
<!--    <Logger name="net.dt.log.test2" level="info" additivity="false">-->
<!--        <AppenderRef ref="DB" />-->
<!--        <Filters>-->
<!--            <Filter type="MarkerFilter" marker="DB_DELETE" onMatch="DENY" onMismatch="NEUTRAL" />-->
<!--            <Filter type="MarkerFilter" marker="DB_OP" onMatch="ACCEPT" onMismatch="DENY" />-->
<!--        </Filters>-->
<!--    </Logger>-->
<!--    <Root level="info">-->
<!--        <AppenderRef ref="STDOUT">-->
<!--            <Filter type="MarkerFilter" marker="DB_OP" onMatch="DENY" onMismatch="NEUTRAL" />-->
<!--        </AppenderRef>-->
<!--    </Root>-->
<!--</Loggers>-->