{
  "stations" : {
    "11" : [ "Савёловская", "Петровский парк", "ЦСКА", "Хорошёвская", "Шелепиха", "Деловой центр", "Народное Ополчение", "Мнёвники", "Терехово", "Кунцевская", "Давыдково", "Аминьевская", "Мичуринский проспект", "Проспект Вернадского", "Новаторская", "Воронцовская", "Зюзино", "Каховская", "Варшавская", "Каширская" ],
    "12" : [ "Битцевский парк", "Лесопарковая", "Улица Старокачаловская", "Улица Скобелевская", "Бульвар адмирала Ушакова", "Улица Горчакова", "Бунинская Аллея" ],
    "14" : [ "Окружная", "Владыкино", "Ботанический Сад", "Ростокино", "Белокаменная", "Бульвар Рокоссовского", "Локомотив", "Измайлово", "Соколиная Гора", "Шоссе Энтузиастов", "Андроновка", "Нижегородская", "Новохохловская", "Угрешская", "Дубровка", "Автозаводская", "ЗИЛ", "Верхние Котлы", "Крымская", "Площадь Гагарина", "Лужники", "Кутузовская", "Деловой центр", "Шелепиха", "Хорошёво", "Зорге", "Панфиловская", "Стрешнево", "Балтийская", "Коптево", "Лихоборы" ],
    "15" : [ "Электрозаводская", "Лефортово", "Авиамоторная", "Нижегородская", "Стахановская", "Окская", "Юго-Восточная", "Косино", "Улица Дмитриевского", "Лухмановская", "Некрасовка" ],
    "D1" : [ "Одинцово", "Баковка", "Сколково", "Немчиновка", "Сетунь", "Рабочий Посёлок", "Кунцево", "Славянский бульвар", "Фили", "Тестовская", "Беговая", "Белорусская", "Савёловская", "Тимирязевская", "Окружная", "Дегунино", "Бескудниково", "Лианозово", "Марк", "Новодачная", "Долгопрудная", "Водники", "Хлебниково", "Шереметьевская", "Лобня" ],
    "D2" : [ "Нахабино", "Аникеевка", "Опалиха", "Красногорская", "Павшино", "Пенягино", "Волоколамская", "Трикотажная", "Тушино", "Щукинская", "Стрешнево", "Красный Балтиец", "Гражданская", "Дмитровская", "Рижская", "Каланчёвская", "Курская", "Москва Товарная", "Калитники", "Новохохловская", "Текстильщики", "Кубанская", "Депо", "Перерва", "Курьяново", "Москворечье", "Царицыно", "Покровская", "Красный Строитель", "Битца", "Бутово", "Щербинка", "Остафьево", "Силикатная", "Подольск" ],
    "1" : [ "Бульвар Рокоссовского", "Черкизовская", "Преображенская площадь", "Сокольники", "Красносельская", "Комсомольская", "Красные ворота", "Чистые пруды", "Лубянка", "Охотный ряд", "Библиотека имени Ленина", "Кропоткинская", "Парк Культуры", "Фрунзенская", "Спортивная", "Воробьевы горы", "Университет", "Проспект Вернадского", "Юго-Западная", "Тропарёво", "Румянцево", "Саларьево", "Филатов Луг", "Прокшино", "Ольховая", "Коммунарка" ],
    "2" : [ "Ховрино", "Беломорская", "Речной вокзал", "Водный стадион", "Войковская", "Сокол", "Аэропорт", "Динамо", "Белорусская", "Маяковская", "Тверская", "Театральная", "Новокузнецкая", "Павелецкая", "Автозаводская", "Технопарк", "Коломенская", "Каширская", "Кантемировская", "Царицыно", "Орехово", "Домодедовская", "Красногвардейская", "Алма-Атинская" ],
    "3" : [ "Пятницкое шоссе", "Митино", "Волоколамская", "Мякинино", "Строгино", "Крылатское", "Молодежная", "Кунцевская", "Славянский бульвар", "Парк Победы", "Киевская", "Смоленская", "Арбатская", "Площадь Революции", "Курская", "Бауманская", "Электрозаводская", "Семеновская", "Партизанская", "Измайловская", "Первомайская", "Щелковская" ],
    "4" : [ "Александровский сад", "Арбатская", "Смоленская", "Киевская", "Студенческая", "Кутузовская", "Фили", "Багратионовская", "Филевский парк", "Пионерская", "Кунцевская", "Выставочная", "Международная" ],
    "5" : [ "Киевская", "Парк Культуры", "Октябрьская", "Добрынинская", "Павелецкая", "Таганская", "Курская", "Комсомольская", "Проспект Мира", "Новослободская", "Белорусская", "Краснопресненская" ],
    "6" : [ "Новоясеневская", "Ясенево", "Теплый стан", "Коньково", "Беляево", "Калужская", "Новые Черёмушки", "Профсоюзная", "Академическая", "Ленинский проспект", "Шаболовская", "Октябрьская", "Третьяковская", "Китай-город", "Тургеневская", "Сухаревская", "Проспект Мира", "Рижская", "Алексеевская", "ВДНХ", "Ботанический сад", "Свиблово", "Бабушкинская", "Медведково" ],
    "7" : [ "Котельники", "Жулебино", "Лермонтовский проспект", "Выхино", "Рязанский проспект", "Кузьминки", "Текстильщики", "Волгоградский проспект", "Пролетарская", "Таганская", "Китай-город", "Кузнецкий мост", "Пушкинская", "Баррикадная", "Улица 1905 года", "Беговая", "Полежаевская", "Октябрьское Поле", "Щукинская", "Спартак", "Тушинская", "Сходненская", "Планерная" ],
    "8" : [ "Новокосино", "Новогиреево", "Перово", "Шоссе Энтузиастов", "Авиамоторная", "Площадь Ильича", "Марксистская", "Третьяковская", "Деловой центр", "Парк Победы", "Минская", "Ломоносовский проспект", "Раменки", "Мичуринский проспект", "Озёрная", "Говорово", "Солнцево", "Боровское шоссе", "Новопеределкино", "Рассказовка" ],
    "9" : [ "Бульвар Дмитрия Донского", "Аннино", "Улица академика Янгеля", "Пражская", "Южная", "Чертановская", "Севастопольская", "Нахимовский Проспект", "Нагорная", "Нагатинская", "Тульская", "Серпуховская", "Полянка", "Боровицкая", "Чеховская", "Цветной бульвар", "Менделеевская", "Савеловская", "Дмитровская", "Тимирязевская", "Петровско-Разумовская", "Владыкино", "Отрадное", "Бибирево", "Алтуфьево" ],
    "10" : [ "Зябликово", "Шипиловская", "Борисово", "Марьино", "Братиславская", "Люблино", "Волжская", "Печатники", "Кожуховская", "Дубровка", "Крестьянская застава", "Римская", "Чкаловская", "Сретенский бульвар", "Трубная", "Достоевская", "Марьина роща", "Бутырская", "Фонвизинская", "Петровско-Разумовская", "Окружная", "Верхние Лихоборы", "Селигерская" ]
  },
  "lines" : {
    "11" : "Большая Кольцевая Линия",
    "12" : "Бутовская линия",
    "14" : "Центральное Кольцо",
    "15" : "Некрасовская линия",
    "D1" : "МЦД-1",
    "D2" : "МЦД-2",
    "1" : "Сокольническая линия",
    "2" : "Замоскворецкая линия",
    "3" : "Арбатско-Покровская линия",
    "4" : "Филевская линия",
    "5" : "Кольцевая линия",
    "6" : "Калужско-Рижская линия",
    "7" : "Таганско-Краснопресненская линия",
    "8" : "Калининско-Солнцевская линия",
    "9" : "Серпуховско-Тимирязевская линия",
    "10" : "Люблинско-Дмитровская линия"
  },
  "connections" : [ {
    "lineNumber" : "1",
    "stationName" : "Бульвар Рокоссовского",
    "connections" : [ ]
  }, {
    "lineNumber" : "1",
    "stationName" : "Черкизовская",
    "connections" : [ ]
  }, {
    "lineNumber" : "1",
    "stationName" : "Преображенская площадь",
    "connections" : [ ]
  }, {
    "lineNumber" : "1",
    "stationName" : "Сокольники",
    "connections" : [ ]
  }, {
    "lineNumber" : "1",
    "stationName" : "Красносельская",
    "connections" : [ ]
  }, {
    "lineNumber" : "1",
    "stationName" : "Комсомольская",
    "connections" : [ ]
  }, {
    "lineNumber" : "1",
    "stationName" : "Красные ворота",
    "connections" : [ ]
  }, {
    "lineNumber" : "1",
    "stationName" : "Чистые пруды",
    "connections" : [ ]
  }, {
    "lineNumber" : "1",
    "stationName" : "Лубянка",
    "connections" : [ ]
  }, {
    "lineNumber" : "1",
    "stationName" : "Охотный ряд",
    "connections" : [ ]
  }, {
    "lineNumber" : "1",
    "stationName" : "Библиотека имени Ленина",
    "connections" : [ ]
  }, {
    "lineNumber" : "1",
    "stationName" : "Кропоткинская",
    "connections" : [ ]
  }, {
    "lineNumber" : "1",
    "stationName" : "Парк Культуры",
    "connections" : [ ]
  }, {
    "lineNumber" : "1",
    "stationName" : "Фрунзенская",
    "connections" : [ ]
  }, {
    "lineNumber" : "1",
    "stationName" : "Спортивная",
    "connections" : [ ]
  }, {
    "lineNumber" : "1",
    "stationName" : "Воробьевы горы",
    "connections" : [ ]
  }, {
    "lineNumber" : "1",
    "stationName" : "Университет",
    "connections" : [ ]
  }, {
    "lineNumber" : "1",
    "stationName" : "Проспект Вернадского",
    "connections" : [ ]
  }, {
    "lineNumber" : "1",
    "stationName" : "Юго-Западная",
    "connections" : [ ]
  }, {
    "lineNumber" : "1",
    "stationName" : "Тропарёво",
    "connections" : [ ]
  }, {
    "lineNumber" : "1",
    "stationName" : "Румянцево",
    "connections" : [ ]
  }, {
    "lineNumber" : "1",
    "stationName" : "Саларьево",
    "connections" : [ ]
  }, {
    "lineNumber" : "1",
    "stationName" : "Филатов Луг",
    "connections" : [ ]
  }, {
    "lineNumber" : "1",
    "stationName" : "Прокшино",
    "connections" : [ ]
  }, {
    "lineNumber" : "1",
    "stationName" : "Ольховая",
    "connections" : [ ]
  }, {
    "lineNumber" : "1",
    "stationName" : "Коммунарка",
    "connections" : [ ]
  }, {
    "lineNumber" : "2",
    "stationName" : "Ховрино",
    "connections" : [ ]
  }, {
    "lineNumber" : "2",
    "stationName" : "Беломорская",
    "connections" : [ ]
  }, {
    "lineNumber" : "2",
    "stationName" : "Речной вокзал",
    "connections" : [ ]
  }, {
    "lineNumber" : "2",
    "stationName" : "Водный стадион",
    "connections" : [ ]
  }, {
    "lineNumber" : "2",
    "stationName" : "Войковская",
    "connections" : [ ]
  }, {
    "lineNumber" : "2",
    "stationName" : "Сокол",
    "connections" : [ ]
  }, {
    "lineNumber" : "2",
    "stationName" : "Аэропорт",
    "connections" : [ ]
  }, {
    "lineNumber" : "2",
    "stationName" : "Динамо",
    "connections" : [ ]
  }, {
    "lineNumber" : "2",
    "stationName" : "Белорусская",
    "connections" : [ ]
  }, {
    "lineNumber" : "2",
    "stationName" : "Маяковская",
    "connections" : [ ]
  }, {
    "lineNumber" : "2",
    "stationName" : "Тверская",
    "connections" : [ ]
  }, {
    "lineNumber" : "2",
    "stationName" : "Театральная",
    "connections" : [ ]
  }, {
    "lineNumber" : "2",
    "stationName" : "Новокузнецкая",
    "connections" : [ ]
  }, {
    "lineNumber" : "2",
    "stationName" : "Павелецкая",
    "connections" : [ ]
  }, {
    "lineNumber" : "2",
    "stationName" : "Автозаводская",
    "connections" : [ ]
  }, {
    "lineNumber" : "2",
    "stationName" : "Технопарк",
    "connections" : [ ]
  }, {
    "lineNumber" : "2",
    "stationName" : "Коломенская",
    "connections" : [ ]
  }, {
    "lineNumber" : "2",
    "stationName" : "Каширская",
    "connections" : [ ]
  }, {
    "lineNumber" : "2",
    "stationName" : "Кантемировская",
    "connections" : [ ]
  }, {
    "lineNumber" : "2",
    "stationName" : "Царицыно",
    "connections" : [ ]
  }, {
    "lineNumber" : "2",
    "stationName" : "Орехово",
    "connections" : [ ]
  }, {
    "lineNumber" : "2",
    "stationName" : "Домодедовская",
    "connections" : [ ]
  }, {
    "lineNumber" : "2",
    "stationName" : "Красногвардейская",
    "connections" : [ ]
  }, {
    "lineNumber" : "2",
    "stationName" : "Алма-Атинская",
    "connections" : [ ]
  }, {
    "lineNumber" : "3",
    "stationName" : "Пятницкое шоссе",
    "connections" : [ ]
  }, {
    "lineNumber" : "3",
    "stationName" : "Митино",
    "connections" : [ ]
  }, {
    "lineNumber" : "3",
    "stationName" : "Волоколамская",
    "connections" : [ ]
  }, {
    "lineNumber" : "3",
    "stationName" : "Мякинино",
    "connections" : [ ]
  }, {
    "lineNumber" : "3",
    "stationName" : "Строгино",
    "connections" : [ ]
  }, {
    "lineNumber" : "3",
    "stationName" : "Крылатское",
    "connections" : [ ]
  }, {
    "lineNumber" : "3",
    "stationName" : "Молодежная",
    "connections" : [ ]
  }, {
    "lineNumber" : "3",
    "stationName" : "Кунцевская",
    "connections" : [ ]
  }, {
    "lineNumber" : "3",
    "stationName" : "Славянский бульвар",
    "connections" : [ ]
  }, {
    "lineNumber" : "3",
    "stationName" : "Парк Победы",
    "connections" : [ ]
  }, {
    "lineNumber" : "3",
    "stationName" : "Киевская",
    "connections" : [ ]
  }, {
    "lineNumber" : "3",
    "stationName" : "Смоленская",
    "connections" : [ ]
  }, {
    "lineNumber" : "3",
    "stationName" : "Арбатская",
    "connections" : [ ]
  }, {
    "lineNumber" : "3",
    "stationName" : "Площадь Революции",
    "connections" : [ ]
  }, {
    "lineNumber" : "3",
    "stationName" : "Курская",
    "connections" : [ ]
  }, {
    "lineNumber" : "3",
    "stationName" : "Бауманская",
    "connections" : [ ]
  }, {
    "lineNumber" : "3",
    "stationName" : "Электрозаводская",
    "connections" : [ ]
  }, {
    "lineNumber" : "3",
    "stationName" : "Семеновская",
    "connections" : [ ]
  }, {
    "lineNumber" : "3",
    "stationName" : "Партизанская",
    "connections" : [ ]
  }, {
    "lineNumber" : "3",
    "stationName" : "Измайловская",
    "connections" : [ ]
  }, {
    "lineNumber" : "3",
    "stationName" : "Первомайская",
    "connections" : [ ]
  }, {
    "lineNumber" : "3",
    "stationName" : "Щелковская",
    "connections" : [ ]
  }, {
    "lineNumber" : "4",
    "stationName" : "Александровский сад",
    "connections" : [ ]
  }, {
    "lineNumber" : "4",
    "stationName" : "Арбатская",
    "connections" : [ ]
  }, {
    "lineNumber" : "4",
    "stationName" : "Смоленская",
    "connections" : [ ]
  }, {
    "lineNumber" : "4",
    "stationName" : "Киевская",
    "connections" : [ ]
  }, {
    "lineNumber" : "4",
    "stationName" : "Студенческая",
    "connections" : [ ]
  }, {
    "lineNumber" : "4",
    "stationName" : "Кутузовская",
    "connections" : [ ]
  }, {
    "lineNumber" : "4",
    "stationName" : "Фили",
    "connections" : [ ]
  }, {
    "lineNumber" : "4",
    "stationName" : "Багратионовская",
    "connections" : [ ]
  }, {
    "lineNumber" : "4",
    "stationName" : "Филевский парк",
    "connections" : [ ]
  }, {
    "lineNumber" : "4",
    "stationName" : "Пионерская",
    "connections" : [ ]
  }, {
    "lineNumber" : "4",
    "stationName" : "Кунцевская",
    "connections" : [ ]
  }, {
    "lineNumber" : "4",
    "stationName" : "Выставочная",
    "connections" : [ ]
  }, {
    "lineNumber" : "4",
    "stationName" : "Международная",
    "connections" : [ ]
  }, {
    "lineNumber" : "5",
    "stationName" : "Киевская",
    "connections" : [ ]
  }, {
    "lineNumber" : "5",
    "stationName" : "Парк Культуры",
    "connections" : [ ]
  }, {
    "lineNumber" : "5",
    "stationName" : "Октябрьская",
    "connections" : [ ]
  }, {
    "lineNumber" : "5",
    "stationName" : "Добрынинская",
    "connections" : [ ]
  }, {
    "lineNumber" : "5",
    "stationName" : "Павелецкая",
    "connections" : [ ]
  }, {
    "lineNumber" : "5",
    "stationName" : "Таганская",
    "connections" : [ ]
  }, {
    "lineNumber" : "5",
    "stationName" : "Курская",
    "connections" : [ ]
  }, {
    "lineNumber" : "5",
    "stationName" : "Комсомольская",
    "connections" : [ ]
  }, {
    "lineNumber" : "5",
    "stationName" : "Проспект Мира",
    "connections" : [ ]
  }, {
    "lineNumber" : "5",
    "stationName" : "Новослободская",
    "connections" : [ ]
  }, {
    "lineNumber" : "5",
    "stationName" : "Белорусская",
    "connections" : [ ]
  }, {
    "lineNumber" : "5",
    "stationName" : "Краснопресненская",
    "connections" : [ ]
  }, {
    "lineNumber" : "6",
    "stationName" : "Новоясеневская",
    "connections" : [ ]
  }, {
    "lineNumber" : "6",
    "stationName" : "Ясенево",
    "connections" : [ ]
  }, {
    "lineNumber" : "6",
    "stationName" : "Теплый стан",
    "connections" : [ ]
  }, {
    "lineNumber" : "6",
    "stationName" : "Коньково",
    "connections" : [ ]
  }, {
    "lineNumber" : "6",
    "stationName" : "Беляево",
    "connections" : [ ]
  }, {
    "lineNumber" : "6",
    "stationName" : "Калужская",
    "connections" : [ ]
  }, {
    "lineNumber" : "6",
    "stationName" : "Новые Черёмушки",
    "connections" : [ ]
  }, {
    "lineNumber" : "6",
    "stationName" : "Профсоюзная",
    "connections" : [ ]
  }, {
    "lineNumber" : "6",
    "stationName" : "Академическая",
    "connections" : [ ]
  }, {
    "lineNumber" : "6",
    "stationName" : "Ленинский проспект",
    "connections" : [ ]
  }, {
    "lineNumber" : "6",
    "stationName" : "Шаболовская",
    "connections" : [ ]
  }, {
    "lineNumber" : "6",
    "stationName" : "Октябрьская",
    "connections" : [ ]
  }, {
    "lineNumber" : "6",
    "stationName" : "Третьяковская",
    "connections" : [ ]
  }, {
    "lineNumber" : "6",
    "stationName" : "Китай-город",
    "connections" : [ ]
  }, {
    "lineNumber" : "6",
    "stationName" : "Тургеневская",
    "connections" : [ ]
  }, {
    "lineNumber" : "6",
    "stationName" : "Сухаревская",
    "connections" : [ ]
  }, {
    "lineNumber" : "6",
    "stationName" : "Проспект Мира",
    "connections" : [ ]
  }, {
    "lineNumber" : "6",
    "stationName" : "Рижская",
    "connections" : [ ]
  }, {
    "lineNumber" : "6",
    "stationName" : "Алексеевская",
    "connections" : [ ]
  }, {
    "lineNumber" : "6",
    "stationName" : "ВДНХ",
    "connections" : [ ]
  }, {
    "lineNumber" : "6",
    "stationName" : "Ботанический сад",
    "connections" : [ ]
  }, {
    "lineNumber" : "6",
    "stationName" : "Свиблово",
    "connections" : [ ]
  }, {
    "lineNumber" : "6",
    "stationName" : "Бабушкинская",
    "connections" : [ ]
  }, {
    "lineNumber" : "6",
    "stationName" : "Медведково",
    "connections" : [ ]
  }, {
    "lineNumber" : "7",
    "stationName" : "Котельники",
    "connections" : [ ]
  }, {
    "lineNumber" : "7",
    "stationName" : "Жулебино",
    "connections" : [ ]
  }, {
    "lineNumber" : "7",
    "stationName" : "Лермонтовский проспект",
    "connections" : [ ]
  }, {
    "lineNumber" : "7",
    "stationName" : "Выхино",
    "connections" : [ ]
  }, {
    "lineNumber" : "7",
    "stationName" : "Рязанский проспект",
    "connections" : [ ]
  }, {
    "lineNumber" : "7",
    "stationName" : "Кузьминки",
    "connections" : [ ]
  }, {
    "lineNumber" : "7",
    "stationName" : "Текстильщики",
    "connections" : [ ]
  }, {
    "lineNumber" : "7",
    "stationName" : "Волгоградский проспект",
    "connections" : [ ]
  }, {
    "lineNumber" : "7",
    "stationName" : "Пролетарская",
    "connections" : [ ]
  }, {
    "lineNumber" : "7",
    "stationName" : "Таганская",
    "connections" : [ ]
  }, {
    "lineNumber" : "7",
    "stationName" : "Китай-город",
    "connections" : [ ]
  }, {
    "lineNumber" : "7",
    "stationName" : "Кузнецкий мост",
    "connections" : [ ]
  }, {
    "lineNumber" : "7",
    "stationName" : "Пушкинская",
    "connections" : [ ]
  }, {
    "lineNumber" : "7",
    "stationName" : "Баррикадная",
    "connections" : [ ]
  }, {
    "lineNumber" : "7",
    "stationName" : "Улица 1905 года",
    "connections" : [ ]
  }, {
    "lineNumber" : "7",
    "stationName" : "Беговая",
    "connections" : [ ]
  }, {
    "lineNumber" : "7",
    "stationName" : "Полежаевская",
    "connections" : [ ]
  }, {
    "lineNumber" : "7",
    "stationName" : "Октябрьское Поле",
    "connections" : [ ]
  }, {
    "lineNumber" : "7",
    "stationName" : "Щукинская",
    "connections" : [ ]
  }, {
    "lineNumber" : "7",
    "stationName" : "Спартак",
    "connections" : [ ]
  }, {
    "lineNumber" : "7",
    "stationName" : "Тушинская",
    "connections" : [ ]
  }, {
    "lineNumber" : "7",
    "stationName" : "Сходненская",
    "connections" : [ ]
  }, {
    "lineNumber" : "7",
    "stationName" : "Планерная",
    "connections" : [ ]
  }, {
    "lineNumber" : "8",
    "stationName" : "Новокосино",
    "connections" : [ ]
  }, {
    "lineNumber" : "8",
    "stationName" : "Новогиреево",
    "connections" : [ ]
  }, {
    "lineNumber" : "8",
    "stationName" : "Перово",
    "connections" : [ ]
  }, {
    "lineNumber" : "8",
    "stationName" : "Шоссе Энтузиастов",
    "connections" : [ ]
  }, {
    "lineNumber" : "8",
    "stationName" : "Авиамоторная",
    "connections" : [ ]
  }, {
    "lineNumber" : "8",
    "stationName" : "Площадь Ильича",
    "connections" : [ ]
  }, {
    "lineNumber" : "8",
    "stationName" : "Марксистская",
    "connections" : [ ]
  }, {
    "lineNumber" : "8",
    "stationName" : "Третьяковская",
    "connections" : [ ]
  }, {
    "lineNumber" : "8",
    "stationName" : "Деловой центр",
    "connections" : [ ]
  }, {
    "lineNumber" : "8",
    "stationName" : "Парк Победы",
    "connections" : [ ]
  }, {
    "lineNumber" : "8",
    "stationName" : "Минская",
    "connections" : [ ]
  }, {
    "lineNumber" : "8",
    "stationName" : "Ломоносовский проспект",
    "connections" : [ ]
  }, {
    "lineNumber" : "8",
    "stationName" : "Раменки",
    "connections" : [ ]
  }, {
    "lineNumber" : "8",
    "stationName" : "Мичуринский проспект",
    "connections" : [ ]
  }, {
    "lineNumber" : "8",
    "stationName" : "Озёрная",
    "connections" : [ ]
  }, {
    "lineNumber" : "8",
    "stationName" : "Говорово",
    "connections" : [ ]
  }, {
    "lineNumber" : "8",
    "stationName" : "Солнцево",
    "connections" : [ ]
  }, {
    "lineNumber" : "8",
    "stationName" : "Боровское шоссе",
    "connections" : [ ]
  }, {
    "lineNumber" : "8",
    "stationName" : "Новопеределкино",
    "connections" : [ ]
  }, {
    "lineNumber" : "8",
    "stationName" : "Рассказовка",
    "connections" : [ ]
  }, {
    "lineNumber" : "9",
    "stationName" : "Бульвар Дмитрия Донского",
    "connections" : [ ]
  }, {
    "lineNumber" : "9",
    "stationName" : "Аннино",
    "connections" : [ ]
  }, {
    "lineNumber" : "9",
    "stationName" : "Улица академика Янгеля",
    "connections" : [ ]
  }, {
    "lineNumber" : "9",
    "stationName" : "Пражская",
    "connections" : [ ]
  }, {
    "lineNumber" : "9",
    "stationName" : "Южная",
    "connections" : [ ]
  }, {
    "lineNumber" : "9",
    "stationName" : "Чертановская",
    "connections" : [ ]
  }, {
    "lineNumber" : "9",
    "stationName" : "Севастопольская",
    "connections" : [ ]
  }, {
    "lineNumber" : "9",
    "stationName" : "Нахимовский Проспект",
    "connections" : [ ]
  }, {
    "lineNumber" : "9",
    "stationName" : "Нагорная",
    "connections" : [ ]
  }, {
    "lineNumber" : "9",
    "stationName" : "Нагатинская",
    "connections" : [ ]
  }, {
    "lineNumber" : "9",
    "stationName" : "Тульская",
    "connections" : [ ]
  }, {
    "lineNumber" : "9",
    "stationName" : "Серпуховская",
    "connections" : [ ]
  }, {
    "lineNumber" : "9",
    "stationName" : "Полянка",
    "connections" : [ ]
  }, {
    "lineNumber" : "9",
    "stationName" : "Боровицкая",
    "connections" : [ ]
  }, {
    "lineNumber" : "9",
    "stationName" : "Чеховская",
    "connections" : [ ]
  }, {
    "lineNumber" : "9",
    "stationName" : "Цветной бульвар",
    "connections" : [ ]
  }, {
    "lineNumber" : "9",
    "stationName" : "Менделеевская",
    "connections" : [ ]
  }, {
    "lineNumber" : "9",
    "stationName" : "Савеловская",
    "connections" : [ ]
  }, {
    "lineNumber" : "9",
    "stationName" : "Дмитровская",
    "connections" : [ ]
  }, {
    "lineNumber" : "9",
    "stationName" : "Тимирязевская",
    "connections" : [ ]
  }, {
    "lineNumber" : "9",
    "stationName" : "Петровско-Разумовская",
    "connections" : [ ]
  }, {
    "lineNumber" : "9",
    "stationName" : "Владыкино",
    "connections" : [ ]
  }, {
    "lineNumber" : "9",
    "stationName" : "Отрадное",
    "connections" : [ ]
  }, {
    "lineNumber" : "9",
    "stationName" : "Бибирево",
    "connections" : [ ]
  }, {
    "lineNumber" : "9",
    "stationName" : "Алтуфьево",
    "connections" : [ ]
  }, {
    "lineNumber" : "10",
    "stationName" : "Зябликово",
    "connections" : [ ]
  }, {
    "lineNumber" : "10",
    "stationName" : "Шипиловская",
    "connections" : [ ]
  }, {
    "lineNumber" : "10",
    "stationName" : "Борисово",
    "connections" : [ ]
  }, {
    "lineNumber" : "10",
    "stationName" : "Марьино",
    "connections" : [ ]
  }, {
    "lineNumber" : "10",
    "stationName" : "Братиславская",
    "connections" : [ ]
  }, {
    "lineNumber" : "10",
    "stationName" : "Люблино",
    "connections" : [ ]
  }, {
    "lineNumber" : "10",
    "stationName" : "Волжская",
    "connections" : [ ]
  }, {
    "lineNumber" : "10",
    "stationName" : "Печатники",
    "connections" : [ ]
  }, {
    "lineNumber" : "10",
    "stationName" : "Кожуховская",
    "connections" : [ ]
  }, {
    "lineNumber" : "10",
    "stationName" : "Дубровка",
    "connections" : [ ]
  }, {
    "lineNumber" : "10",
    "stationName" : "Крестьянская застава",
    "connections" : [ ]
  }, {
    "lineNumber" : "10",
    "stationName" : "Римская",
    "connections" : [ ]
  }, {
    "lineNumber" : "10",
    "stationName" : "Чкаловская",
    "connections" : [ ]
  }, {
    "lineNumber" : "10",
    "stationName" : "Сретенский бульвар",
    "connections" : [ ]
  }, {
    "lineNumber" : "10",
    "stationName" : "Трубная",
    "connections" : [ ]
  }, {
    "lineNumber" : "10",
    "stationName" : "Достоевская",
    "connections" : [ ]
  }, {
    "lineNumber" : "10",
    "stationName" : "Марьина роща",
    "connections" : [ ]
  }, {
    "lineNumber" : "10",
    "stationName" : "Бутырская",
    "connections" : [ ]
  }, {
    "lineNumber" : "10",
    "stationName" : "Фонвизинская",
    "connections" : [ ]
  }, {
    "lineNumber" : "10",
    "stationName" : "Петровско-Разумовская",
    "connections" : [ ]
  }, {
    "lineNumber" : "10",
    "stationName" : "Окружная",
    "connections" : [ ]
  }, {
    "lineNumber" : "10",
    "stationName" : "Верхние Лихоборы",
    "connections" : [ ]
  }, {
    "lineNumber" : "10",
    "stationName" : "Селигерская",
    "connections" : [ ]
  }, {
    "lineNumber" : "11",
    "stationName" : "Савёловская",
    "connections" : [ ]
  }, {
    "lineNumber" : "11",
    "stationName" : "Петровский парк",
    "connections" : [ ]
  }, {
    "lineNumber" : "11",
    "stationName" : "ЦСКА",
    "connections" : [ ]
  }, {
    "lineNumber" : "11",
    "stationName" : "Хорошёвская",
    "connections" : [ ]
  }, {
    "lineNumber" : "11",
    "stationName" : "Шелепиха",
    "connections" : [ ]
  }, {
    "lineNumber" : "11",
    "stationName" : "Деловой центр",
    "connections" : [ ]
  }, {
    "lineNumber" : "11",
    "stationName" : "Народное Ополчение",
    "connections" : [ ]
  }, {
    "lineNumber" : "11",
    "stationName" : "Мнёвники",
    "connections" : [ ]
  }, {
    "lineNumber" : "11",
    "stationName" : "Терехово",
    "connections" : [ ]
  }, {
    "lineNumber" : "11",
    "stationName" : "Кунцевская",
    "connections" : [ ]
  }, {
    "lineNumber" : "11",
    "stationName" : "Давыдково",
    "connections" : [ ]
  }, {
    "lineNumber" : "11",
    "stationName" : "Аминьевская",
    "connections" : [ ]
  }, {
    "lineNumber" : "11",
    "stationName" : "Мичуринский проспект",
    "connections" : [ ]
  }, {
    "lineNumber" : "11",
    "stationName" : "Проспект Вернадского",
    "connections" : [ ]
  }, {
    "lineNumber" : "11",
    "stationName" : "Новаторская",
    "connections" : [ ]
  }, {
    "lineNumber" : "11",
    "stationName" : "Воронцовская",
    "connections" : [ ]
  }, {
    "lineNumber" : "11",
    "stationName" : "Зюзино",
    "connections" : [ ]
  }, {
    "lineNumber" : "11",
    "stationName" : "Каховская",
    "connections" : [ ]
  }, {
    "lineNumber" : "11",
    "stationName" : "Варшавская",
    "connections" : [ ]
  }, {
    "lineNumber" : "11",
    "stationName" : "Каширская",
    "connections" : [ ]
  }, {
    "lineNumber" : "12",
    "stationName" : "Битцевский парк",
    "connections" : [ ]
  }, {
    "lineNumber" : "12",
    "stationName" : "Лесопарковая",
    "connections" : [ ]
  }, {
    "lineNumber" : "12",
    "stationName" : "Улица Старокачаловская",
    "connections" : [ ]
  }, {
    "lineNumber" : "12",
    "stationName" : "Улица Скобелевская",
    "connections" : [ ]
  }, {
    "lineNumber" : "12",
    "stationName" : "Бульвар адмирала Ушакова",
    "connections" : [ ]
  }, {
    "lineNumber" : "12",
    "stationName" : "Улица Горчакова",
    "connections" : [ ]
  }, {
    "lineNumber" : "12",
    "stationName" : "Бунинская Аллея",
    "connections" : [ ]
  }, {
    "lineNumber" : "14",
    "stationName" : "Окружная",
    "connections" : [ ]
  }, {
    "lineNumber" : "14",
    "stationName" : "Владыкино",
    "connections" : [ ]
  }, {
    "lineNumber" : "14",
    "stationName" : "Ботанический Сад",
    "connections" : [ ]
  }, {
    "lineNumber" : "14",
    "stationName" : "Ростокино",
    "connections" : [ ]
  }, {
    "lineNumber" : "14",
    "stationName" : "Белокаменная",
    "connections" : [ ]
  }, {
    "lineNumber" : "14",
    "stationName" : "Бульвар Рокоссовского",
    "connections" : [ ]
  }, {
    "lineNumber" : "14",
    "stationName" : "Локомотив",
    "connections" : [ ]
  }, {
    "lineNumber" : "14",
    "stationName" : "Измайлово",
    "connections" : [ ]
  }, {
    "lineNumber" : "14",
    "stationName" : "Соколиная Гора",
    "connections" : [ ]
  }, {
    "lineNumber" : "14",
    "stationName" : "Шоссе Энтузиастов",
    "connections" : [ ]
  }, {
    "lineNumber" : "14",
    "stationName" : "Андроновка",
    "connections" : [ ]
  }, {
    "lineNumber" : "14",
    "stationName" : "Нижегородская",
    "connections" : [ ]
  }, {
    "lineNumber" : "14",
    "stationName" : "Новохохловская",
    "connections" : [ ]
  }, {
    "lineNumber" : "14",
    "stationName" : "Угрешская",
    "connections" : [ ]
  }, {
    "lineNumber" : "14",
    "stationName" : "Дубровка",
    "connections" : [ ]
  }, {
    "lineNumber" : "14",
    "stationName" : "Автозаводская",
    "connections" : [ ]
  }, {
    "lineNumber" : "14",
    "stationName" : "ЗИЛ",
    "connections" : [ ]
  }, {
    "lineNumber" : "14",
    "stationName" : "Верхние Котлы",
    "connections" : [ ]
  }, {
    "lineNumber" : "14",
    "stationName" : "Крымская",
    "connections" : [ ]
  }, {
    "lineNumber" : "14",
    "stationName" : "Площадь Гагарина",
    "connections" : [ ]
  }, {
    "lineNumber" : "14",
    "stationName" : "Лужники",
    "connections" : [ ]
  }, {
    "lineNumber" : "14",
    "stationName" : "Кутузовская",
    "connections" : [ ]
  }, {
    "lineNumber" : "14",
    "stationName" : "Деловой центр",
    "connections" : [ ]
  }, {
    "lineNumber" : "14",
    "stationName" : "Шелепиха",
    "connections" : [ ]
  }, {
    "lineNumber" : "14",
    "stationName" : "Хорошёво",
    "connections" : [ ]
  }, {
    "lineNumber" : "14",
    "stationName" : "Зорге",
    "connections" : [ ]
  }, {
    "lineNumber" : "14",
    "stationName" : "Панфиловская",
    "connections" : [ ]
  }, {
    "lineNumber" : "14",
    "stationName" : "Стрешнево",
    "connections" : [ ]
  }, {
    "lineNumber" : "14",
    "stationName" : "Балтийская",
    "connections" : [ ]
  }, {
    "lineNumber" : "14",
    "stationName" : "Коптево",
    "connections" : [ ]
  }, {
    "lineNumber" : "14",
    "stationName" : "Лихоборы",
    "connections" : [ ]
  }, {
    "lineNumber" : "15",
    "stationName" : "Электрозаводская",
    "connections" : [ ]
  }, {
    "lineNumber" : "15",
    "stationName" : "Лефортово",
    "connections" : [ ]
  }, {
    "lineNumber" : "15",
    "stationName" : "Авиамоторная",
    "connections" : [ ]
  }, {
    "lineNumber" : "15",
    "stationName" : "Нижегородская",
    "connections" : [ ]
  }, {
    "lineNumber" : "15",
    "stationName" : "Стахановская",
    "connections" : [ ]
  }, {
    "lineNumber" : "15",
    "stationName" : "Окская",
    "connections" : [ ]
  }, {
    "lineNumber" : "15",
    "stationName" : "Юго-Восточная",
    "connections" : [ ]
  }, {
    "lineNumber" : "15",
    "stationName" : "Косино",
    "connections" : [ ]
  }, {
    "lineNumber" : "15",
    "stationName" : "Улица Дмитриевского",
    "connections" : [ ]
  }, {
    "lineNumber" : "15",
    "stationName" : "Лухмановская",
    "connections" : [ ]
  }, {
    "lineNumber" : "15",
    "stationName" : "Некрасовка",
    "connections" : [ ]
  }, {
    "lineNumber" : "D1",
    "stationName" : "Одинцово",
    "connections" : [ ]
  }, {
    "lineNumber" : "D1",
    "stationName" : "Баковка",
    "connections" : [ ]
  }, {
    "lineNumber" : "D1",
    "stationName" : "Сколково",
    "connections" : [ ]
  }, {
    "lineNumber" : "D1",
    "stationName" : "Немчиновка",
    "connections" : [ ]
  }, {
    "lineNumber" : "D1",
    "stationName" : "Сетунь",
    "connections" : [ ]
  }, {
    "lineNumber" : "D1",
    "stationName" : "Рабочий Посёлок",
    "connections" : [ ]
  }, {
    "lineNumber" : "D1",
    "stationName" : "Кунцево",
    "connections" : [ ]
  }, {
    "lineNumber" : "D1",
    "stationName" : "Славянский бульвар",
    "connections" : [ ]
  }, {
    "lineNumber" : "D1",
    "stationName" : "Фили",
    "connections" : [ ]
  }, {
    "lineNumber" : "D1",
    "stationName" : "Тестовская",
    "connections" : [ ]
  }, {
    "lineNumber" : "D1",
    "stationName" : "Беговая",
    "connections" : [ ]
  }, {
    "lineNumber" : "D1",
    "stationName" : "Белорусская",
    "connections" : [ ]
  }, {
    "lineNumber" : "D1",
    "stationName" : "Савёловская",
    "connections" : [ ]
  }, {
    "lineNumber" : "D1",
    "stationName" : "Тимирязевская",
    "connections" : [ ]
  }, {
    "lineNumber" : "D1",
    "stationName" : "Окружная",
    "connections" : [ ]
  }, {
    "lineNumber" : "D1",
    "stationName" : "Дегунино",
    "connections" : [ ]
  }, {
    "lineNumber" : "D1",
    "stationName" : "Бескудниково",
    "connections" : [ ]
  }, {
    "lineNumber" : "D1",
    "stationName" : "Лианозово",
    "connections" : [ ]
  }, {
    "lineNumber" : "D1",
    "stationName" : "Марк",
    "connections" : [ ]
  }, {
    "lineNumber" : "D1",
    "stationName" : "Новодачная",
    "connections" : [ ]
  }, {
    "lineNumber" : "D1",
    "stationName" : "Долгопрудная",
    "connections" : [ ]
  }, {
    "lineNumber" : "D1",
    "stationName" : "Водники",
    "connections" : [ ]
  }, {
    "lineNumber" : "D1",
    "stationName" : "Хлебниково",
    "connections" : [ ]
  }, {
    "lineNumber" : "D1",
    "stationName" : "Шереметьевская",
    "connections" : [ ]
  }, {
    "lineNumber" : "D1",
    "stationName" : "Лобня",
    "connections" : [ ]
  }, {
    "lineNumber" : "D2",
    "stationName" : "Нахабино",
    "connections" : [ ]
  }, {
    "lineNumber" : "D2",
    "stationName" : "Аникеевка",
    "connections" : [ ]
  }, {
    "lineNumber" : "D2",
    "stationName" : "Опалиха",
    "connections" : [ ]
  }, {
    "lineNumber" : "D2",
    "stationName" : "Красногорская",
    "connections" : [ ]
  }, {
    "lineNumber" : "D2",
    "stationName" : "Павшино",
    "connections" : [ ]
  }, {
    "lineNumber" : "D2",
    "stationName" : "Пенягино",
    "connections" : [ ]
  }, {
    "lineNumber" : "D2",
    "stationName" : "Волоколамская",
    "connections" : [ ]
  }, {
    "lineNumber" : "D2",
    "stationName" : "Трикотажная",
    "connections" : [ ]
  }, {
    "lineNumber" : "D2",
    "stationName" : "Тушино",
    "connections" : [ ]
  }, {
    "lineNumber" : "D2",
    "stationName" : "Щукинская",
    "connections" : [ ]
  }, {
    "lineNumber" : "D2",
    "stationName" : "Стрешнево",
    "connections" : [ ]
  }, {
    "lineNumber" : "D2",
    "stationName" : "Красный Балтиец",
    "connections" : [ ]
  }, {
    "lineNumber" : "D2",
    "stationName" : "Гражданская",
    "connections" : [ ]
  }, {
    "lineNumber" : "D2",
    "stationName" : "Дмитровская",
    "connections" : [ ]
  }, {
    "lineNumber" : "D2",
    "stationName" : "Рижская",
    "connections" : [ ]
  }, {
    "lineNumber" : "D2",
    "stationName" : "Каланчёвская",
    "connections" : [ ]
  }, {
    "lineNumber" : "D2",
    "stationName" : "Курская",
    "connections" : [ ]
  }, {
    "lineNumber" : "D2",
    "stationName" : "Москва Товарная",
    "connections" : [ ]
  }, {
    "lineNumber" : "D2",
    "stationName" : "Калитники",
    "connections" : [ ]
  }, {
    "lineNumber" : "D2",
    "stationName" : "Новохохловская",
    "connections" : [ ]
  }, {
    "lineNumber" : "D2",
    "stationName" : "Текстильщики",
    "connections" : [ ]
  }, {
    "lineNumber" : "D2",
    "stationName" : "Кубанская",
    "connections" : [ ]
  }, {
    "lineNumber" : "D2",
    "stationName" : "Депо",
    "connections" : [ ]
  }, {
    "lineNumber" : "D2",
    "stationName" : "Перерва",
    "connections" : [ ]
  }, {
    "lineNumber" : "D2",
    "stationName" : "Курьяново",
    "connections" : [ ]
  }, {
    "lineNumber" : "D2",
    "stationName" : "Москворечье",
    "connections" : [ ]
  }, {
    "lineNumber" : "D2",
    "stationName" : "Царицыно",
    "connections" : [ ]
  }, {
    "lineNumber" : "D2",
    "stationName" : "Покровская",
    "connections" : [ ]
  }, {
    "lineNumber" : "D2",
    "stationName" : "Красный Строитель",
    "connections" : [ ]
  }, {
    "lineNumber" : "D2",
    "stationName" : "Битца",
    "connections" : [ ]
  }, {
    "lineNumber" : "D2",
    "stationName" : "Бутово",
    "connections" : [ ]
  }, {
    "lineNumber" : "D2",
    "stationName" : "Щербинка",
    "connections" : [ ]
  }, {
    "lineNumber" : "D2",
    "stationName" : "Остафьево",
    "connections" : [ ]
  }, {
    "lineNumber" : "D2",
    "stationName" : "Силикатная",
    "connections" : [ ]
  }, {
    "lineNumber" : "D2",
    "stationName" : "Подольск",
    "connections" : [ ]
  } ]
}