<?xml version="1.0" encoding="UTF-8"?>
<configuration status="WARN">
    <appenders>
        <File name="searchFile" fileName="logs/search.log">
            <PatternLayout pattern="%d{yyy-MM-dd HH:mm:ss.SSS} [%t] %-5level %logger{36} - %msg%n"/>
            <Filters>
                <MarkerFilter marker="INPUT_HISTORY"/>
            </Filters>
        </File>
        <File name="inputErrorsFile" fileName="logs/input_errors.log">
            <PatternLayout pattern="%d{yyy-MM-dd HH:mm:ss.SSS} [%t] %-5level %logger{36} - %msg%n"/>
            <Filters>
                <MarkerFilter marker="INVALID_STATIONS"/>
            </Filters>
        </File>
        <File name="exceptionsFile" fileName="logs/exceptions.log">
            <PatternLayout pattern="%d{yyy-MM-dd HH:mm:ss.SSS} [%t] %-5level %logger{36} - %msg%n"/>
            <Filters>
                <MarkerFilter marker="EXCEPTIONS"/>
            </Filters>
        </File>
    </appenders>

    <loggers>
        <root level="debug">
            <appender-ref ref="searchFile"/>
            <appender-ref ref="inputErrorsFile"/>
            <appender-ref ref="exceptionsFile"/>
        </root>
    </loggers>
</configuration>
